avaliacao_BI_RADS,idade,forma_da_massa,margem_da_massa,densidade_da_massa,severidade
5,67,lobular,especulada,baixa,1
5,58,irregular,especulada,baixa,1
4,28,arredondada,circunscrita,baixa,0
5,57,arredondada,especulada,baixa,1
5,76,arredondada,mal_definida,baixa,1
3,42,oval,circunscrita,baixa,1
4,36,lobular,circunscrita,iso,0
4,60,oval,circunscrita,iso,0
4,54,arredondada,circunscrita,baixa,0
3,52,lobular,mal_definida,baixa,0
4,59,oval,circunscrita,baixa,1
4,54,arredondada,circunscrita,baixa,1
5,56,irregular,obscura,alta,1
5,42,irregular,mal_definida,baixa,1
4,59,oval,mal_definida,baixa,1
5,75,irregular,especulada,baixa,1
5,45,irregular,especulada,baixa,1
5,55,irregular,mal_definida,baixa,0
4,46,arredondada,especulada,iso,0
5,54,irregular,mal_definida,baixa,1
5,57,irregular,mal_definida,baixa,1
4,39,arredondada,circunscrita,iso,0
4,81,arredondada,circunscrita,baixa,0
4,60,oval,circunscrita,baixa,0
5,67,lobular,mal_definida,iso,1
4,55,lobular,mal_definida,iso,0
4,78,arredondada,circunscrita,alta,0
4,50,arredondada,circunscrita,baixa,0
5,62,lobular,especulada,iso,1
5,64,irregular,especulada,baixa,1
5,67,irregular,especulada,baixa,1
4,74,oval,circunscrita,iso,0
5,80,lobular,especulada,baixa,1
4,49,oval,circunscrita,alta,0
5,52,irregular,obscura,baixa,1
5,60,irregular,obscura,baixa,1
4,57,oval,especulada,baixa,0
5,74,irregular,mal_definida,baixa,1
4,49,arredondada,circunscrita,baixa,0
4,45,oval,circunscrita,baixa,0
4,64,oval,circunscrita,baixa,0
4,73,oval,circunscrita,iso,0
5,68,irregular,obscura,baixa,1
5,52,irregular,especulada,baixa,0
5,66,irregular,mal_definida,baixa,1
4,25,arredondada,circunscrita,baixa,0
5,74,arredondada,circunscrita,iso,1
4,64,arredondada,circunscrita,baixa,0
5,60,irregular,obscura,iso,1
5,67,oval,mal_definida,alta,0
4,67,irregular,especulada,baixa,0
5,44,irregular,mal_definida,iso,1
3,68,arredondada,circunscrita,baixa,1
5,58,irregular,mal_definida,baixa,1
5,62,arredondada,especulada,baixa,1
4,73,lobular,mal_definida,baixa,1
4,80,irregular,mal_definida,baixa,1
5,59,oval,circunscrita,baixa,1
5,54,irregular,mal_definida,baixa,1
5,62,irregular,mal_definida,baixa,0
4,33,oval,circunscrita,baixa,0
4,57,arredondada,circunscrita,baixa,0
4,45,irregular,mal_definida,baixa,0
5,71,irregular,mal_definida,baixa,1
5,59,irregular,mal_definida,iso,0
4,56,arredondada,circunscrita,baixa,0
4,57,oval,circunscrita,iso,0
5,55,lobular,mal_definida,baixa,1
5,84,irregular,especulada,baixa,0
5,51,irregular,mal_definida,baixa,1
4,24,oval,circunscrita,iso,0
4,66,arredondada,circunscrita,baixa,0
5,33,irregular,mal_definida,baixa,0
4,59,irregular,obscura,iso,0
5,40,irregular,especulada,baixa,1
5,67,irregular,mal_definida,baixa,1
5,75,irregular,obscura,baixa,1
5,86,irregular,mal_definida,baixa,0
5,66,irregular,mal_definida,baixa,1
5,46,irregular,especulada,baixa,1
4,59,irregular,mal_definida,baixa,1
5,65,irregular,mal_definida,baixa,1
4,53,arredondada,circunscrita,baixa,0
5,67,lobular,especulada,baixa,1
5,80,irregular,especulada,baixa,1
4,55,oval,circunscrita,baixa,0
4,47,arredondada,circunscrita,iso,0
5,62,irregular,especulada,baixa,1
5,63,irregular,mal_definida,baixa,1
4,71,irregular,mal_definida,baixa,1
4,41,arredondada,circunscrita,baixa,0
5,57,irregular,mal_definida,gordurosa,1
5,71,irregular,mal_definida,gordurosa,1
4,66,arredondada,circunscrita,baixa,0
4,47,oval,mal_definida,iso,0
3,34,irregular,mal_definida,baixa,0
4,59,lobular,mal_definida,baixa,0
5,67,irregular,mal_definida,baixa,1
4,41,oval,circunscrita,baixa,0
4,23,lobular,circunscrita,baixa,0
4,42,oval,circunscrita,baixa,0
5,87,irregular,especulada,baixa,1
4,68,arredondada,circunscrita,baixa,1
4,64,arredondada,circunscrita,baixa,0
5,54,lobular,especulada,baixa,1
5,86,irregular,especulada,baixa,1
4,21,oval,circunscrita,baixa,0
4,53,irregular,mal_definida,baixa,0
4,44,irregular,mal_definida,baixa,0
4,54,arredondada,circunscrita,baixa,0
5,63,irregular,especulada,baixa,1
4,45,oval,circunscrita,iso,0
5,71,irregular,especulada,baixa,0
5,49,irregular,mal_definida,baixa,1
4,49,irregular,mal_definida,baixa,0
5,66,irregular,mal_definida,gordurosa,0
4,19,arredondada,circunscrita,baixa,0
4,35,arredondada,circunscrita,iso,0
5,74,irregular,especulada,baixa,1
5,37,irregular,mal_definida,baixa,1
5,81,lobular,mal_definida,baixa,1
5,59,irregular,mal_definida,baixa,1
4,34,arredondada,circunscrita,baixa,0
5,79,irregular,obscura,baixa,1
5,60,lobular,circunscrita,baixa,0
4,41,arredondada,circunscrita,baixa,1
4,50,arredondada,circunscrita,baixa,0
5,85,irregular,mal_definida,baixa,1
4,46,arredondada,circunscrita,baixa,0
5,66,irregular,mal_definida,baixa,1
4,73,lobular,circunscrita,iso,0
4,55,arredondada,circunscrita,baixa,0
4,49,oval,circunscrita,baixa,0
3,49,irregular,mal_definida,baixa,0
4,51,irregular,especulada,baixa,1
2,48,irregular,mal_definida,baixa,0
4,58,irregular,especulada,baixa,0
5,72,irregular,especulada,baixa,1
4,46,oval,obscura,baixa,0
4,43,irregular,obscura,baixa,1
4,46,arredondada,circunscrita,alta,0
4,69,lobular,circunscrita,baixa,0
5,43,oval,circunscrita,baixa,1
5,76,irregular,especulada,baixa,1
4,46,arredondada,circunscrita,baixa,0
4,59,oval,mal_definida,baixa,0
4,57,arredondada,circunscrita,baixa,0
3,45,oval,circunscrita,baixa,0
3,43,oval,circunscrita,baixa,0
4,45,oval,circunscrita,baixa,0
5,57,irregular,especulada,baixa,1
5,79,irregular,mal_definida,baixa,1
5,54,oval,circunscrita,baixa,1
4,40,lobular,mal_definida,baixa,0
5,63,irregular,mal_definida,baixa,1
4,52,oval,circunscrita,baixa,0
4,38,arredondada,circunscrita,baixa,0
3,72,irregular,obscura,baixa,0
5,80,irregular,obscura,baixa,1
5,76,irregular,obscura,baixa,1
4,62,lobular,circunscrita,baixa,0
5,64,irregular,especulada,baixa,1
5,42,irregular,especulada,baixa,0
4,64,irregular,especulada,baixa,0
4,63,irregular,mal_definida,baixa,1
4,24,oval,circunscrita,iso,0
5,72,irregular,mal_definida,baixa,1
4,63,oval,circunscrita,baixa,0
4,46,arredondada,circunscrita,baixa,0
3,33,arredondada,circunscrita,baixa,0
5,76,irregular,mal_definida,baixa,1
4,36,oval,obscura,baixa,0
4,40,oval,circunscrita,baixa,0
5,58,arredondada,especulada,baixa,1
4,43,oval,circunscrita,baixa,0
3,42,arredondada,circunscrita,baixa,0
4,32,arredondada,circunscrita,baixa,0
5,57,irregular,mal_definida,iso,1
4,37,arredondada,circunscrita,baixa,0
4,70,irregular,mal_definida,baixa,1
5,56,irregular,microlobulada,baixa,1
5,73,irregular,mal_definida,baixa,1
5,77,irregular,especulada,baixa,1
5,67,irregular,mal_definida,alta,1
5,71,irregular,obscura,baixa,1
5,65,irregular,mal_definida,baixa,1
4,43,arredondada,circunscrita,baixa,0
4,49,oval,circunscrita,baixa,0
5,76,irregular,microlobulada,baixa,1
4,55,irregular,mal_definida,baixa,0
5,72,irregular,especulada,baixa,1
3,53,irregular,obscura,baixa,0
5,75,irregular,mal_definida,baixa,1
5,61,irregular,especulada,baixa,1
5,67,irregular,mal_definida,baixa,1
5,55,irregular,microlobulada,baixa,1
5,66,irregular,mal_definida,baixa,1
2,76,arredondada,circunscrita,iso,0
4,57,irregular,mal_definida,baixa,1
5,71,lobular,circunscrita,baixa,0
5,70,irregular,especulada,baixa,1
4,63,oval,circunscrita,baixa,0
5,40,arredondada,mal_definida,baixa,1
4,41,arredondada,circunscrita,baixa,0
4,47,oval,circunscrita,iso,0
4,68,arredondada,circunscrita,baixa,1
4,64,irregular,obscura,baixa,1
4,73,irregular,obscura,baixa,0
4,39,irregular,obscura,baixa,0
5,55,irregular,especulada,gordurosa,1
5,53,lobular,mal_definida,gordurosa,0
5,66,irregular,mal_definida,baixa,1
4,43,lobular,circunscrita,iso,0
5,44,irregular,especulada,baixa,1
4,77,irregular,mal_definida,baixa,1
4,62,oval,mal_definida,baixa,0
5,80,irregular,mal_definida,baixa,1
4,33,irregular,mal_definida,baixa,0
4,50,irregular,especulada,baixa,1
5,46,irregular,mal_definida,baixa,1
5,49,irregular,especulada,baixa,1
4,53,arredondada,circunscrita,baixa,0
3,46,oval,circunscrita,iso,0
4,57,arredondada,circunscrita,baixa,0
4,54,lobular,circunscrita,baixa,0
2,49,oval,circunscrita,iso,0
4,47,lobular,circunscrita,baixa,0
4,40,arredondada,circunscrita,baixa,0
4,45,arredondada,circunscrita,baixa,0
4,50,irregular,especulada,baixa,1
5,54,irregular,mal_definida,baixa,1
4,67,irregular,circunscrita,baixa,1
4,77,irregular,mal_definida,baixa,1
4,66,irregular,obscura,baixa,0
4,36,oval,obscura,baixa,0
4,69,irregular,mal_definida,baixa,0
4,48,arredondada,circunscrita,baixa,0
4,64,irregular,mal_definida,baixa,1
4,71,irregular,microlobulada,baixa,1
5,60,irregular,obscura,baixa,1
4,24,arredondada,circunscrita,baixa,0
5,34,irregular,especulada,iso,1
4,79,arredondada,circunscrita,iso,0
4,45,arredondada,circunscrita,baixa,0
4,37,oval,circunscrita,iso,0
4,42,arredondada,circunscrita,iso,0
4,72,irregular,mal_definida,baixa,1
5,60,irregular,especulada,baixa,1
5,85,lobular,especulada,baixa,1
4,51,arredondada,circunscrita,baixa,0
5,54,irregular,especulada,baixa,1
5,55,irregular,obscura,baixa,1
4,64,irregular,mal_definida,baixa,0
5,67,irregular,especulada,baixa,1
5,75,irregular,obscura,baixa,1
5,87,irregular,mal_definida,baixa,1
4,46,irregular,mal_definida,baixa,1
55,46,irregular,obscura,baixa,1
5,61,arredondada,circunscrita,baixa,1
4,44,arredondada,mal_definida,baixa,0
4,32,arredondada,circunscrita,baixa,0
4,62,arredondada,circunscrita,baixa,0
5,59,irregular,especulada,baixa,1
4,61,irregular,circunscrita,baixa,0
5,78,irregular,mal_definida,baixa,1
5,42,irregular,especulada,baixa,0
4,45,arredondada,microlobulada,baixa,0
5,34,oval,circunscrita,baixa,1
4,27,lobular,circunscrita,baixa,0
4,43,arredondada,circunscrita,baixa,0
5,83,irregular,mal_definida,baixa,1
4,36,oval,circunscrita,baixa,0
4,37,oval,circunscrita,baixa,0
4,56,lobular,circunscrita,baixa,1
5,55,irregular,mal_definida,baixa,1
4,88,irregular,mal_definida,baixa,1
5,71,irregular,mal_definida,baixa,1
4,41,oval,circunscrita,baixa,0
5,49,irregular,mal_definida,baixa,1
3,51,arredondada,circunscrita,gordurosa,0
4,39,arredondada,obscura,baixa,0
4,46,oval,circunscrita,baixa,0
5,52,irregular,mal_definida,baixa,1
5,58,irregular,mal_definida,baixa,1
4,67,irregular,especulada,baixa,1
5,80,irregular,mal_definida,baixa,1
4,45,arredondada,circunscrita,baixa,0
5,68,irregular,mal_definida,baixa,1
4,44,oval,obscura,baixa,0
5,74,irregular,obscura,baixa,1
5,55,irregular,especulada,baixa,0
4,49,irregular,mal_definida,baixa,1
4,49,arredondada,circunscrita,baixa,0
5,50,irregular,obscura,baixa,1
5,52,lobular,especulada,baixa,1
4,45,arredondada,circunscrita,baixa,0
4,66,arredondada,circunscrita,baixa,0
4,68,irregular,mal_definida,baixa,1
4,72,oval,circunscrita,baixa,0
5,74,irregular,mal_definida,baixa,1
5,58,irregular,mal_definida,baixa,1
4,77,oval,obscura,baixa,0
4,49,lobular,circunscrita,baixa,0
5,60,irregular,obscura,baixa,1
5,69,irregular,obscura,baixa,1
4,53,oval,circunscrita,baixa,0
3,46,lobular,mal_definida,baixa,0
5,74,irregular,mal_definida,baixa,1
4,58,arredondada,circunscrita,baixa,0
5,68,irregular,mal_definida,baixa,1
5,46,irregular,obscura,baixa,0
5,61,oval,mal_definida,baixa,1
5,70,irregular,obscura,baixa,1
5,37,irregular,mal_definida,baixa,1
3,65,irregular,especulada,baixa,1
4,67,irregular,mal_definida,baixa,0
5,69,lobular,mal_definida,baixa,0
5,76,irregular,mal_definida,baixa,1
4,65,irregular,obscura,baixa,0
5,72,irregular,microlobulada,baixa,1
4,62,irregular,microlobulada,baixa,0
5,42,irregular,mal_definida,baixa,1
5,66,irregular,obscura,baixa,1
5,48,irregular,mal_definida,baixa,1
4,35,arredondada,circunscrita,baixa,0
5,60,irregular,mal_definida,baixa,1
5,67,irregular,microlobulada,baixa,1
5,78,irregular,mal_definida,baixa,1
4,66,arredondada,circunscrita,baixa,1
4,48,arredondada,circunscrita,baixa,0
4,31,arredondada,circunscrita,baixa,0
5,43,irregular,obscura,baixa,1
5,72,oval,mal_definida,baixa,0
5,66,arredondada,circunscrita,baixa,1
4,56,irregular,mal_definida,baixa,0
5,58,irregular,especulada,baixa,1
5,33,oval,mal_definida,baixa,1
4,37,arredondada,circunscrita,baixa,0
5,36,irregular,obscura,baixa,1
4,39,oval,obscura,baixa,0
4,39,irregular,mal_definida,baixa,1
5,83,irregular,mal_definida,baixa,1
4,68,irregular,especulada,baixa,1
5,63,lobular,mal_definida,baixa,1
5,78,irregular,mal_definida,baixa,1
4,38,oval,obscura,baixa,0
5,46,irregular,obscura,baixa,1
5,60,irregular,mal_definida,baixa,1
5,56,oval,obscura,baixa,1
4,33,arredondada,circunscrita,baixa,0
4,69,arredondada,especulada,baixa,1
5,66,arredondada,mal_definida,baixa,1
4,72,arredondada,obscura,baixa,0
4,29,arredondada,circunscrita,baixa,0
5,54,irregular,especulada,baixa,1
5,80,irregular,mal_definida,baixa,1
5,68,irregular,obscura,baixa,1
4,35,oval,circunscrita,baixa,0
4,50,arredondada,circunscrita,baixa,0
4,32,irregular,obscura,baixa,0
0,69,irregular,especulada,baixa,1
4,71,irregular,especulada,baixa,1
5,87,irregular,especulada,baixa,1
4,64,arredondada,circunscrita,baixa,0
5,55,irregular,especulada,baixa,1
4,18,arredondada,circunscrita,baixa,0
4,53,arredondada,circunscrita,baixa,0
5,84,irregular,especulada,baixa,1
5,80,irregular,obscura,baixa,1
4,32,arredondada,circunscrita,baixa,0
5,77,lobular,mal_definida,baixa,1
4,38,arredondada,circunscrita,baixa,0
5,54,irregular,especulada,baixa,1
4,63,arredondada,circunscrita,baixa,0
4,61,arredondada,circunscrita,baixa,0
4,52,arredondada,circunscrita,baixa,0
4,36,arredondada,circunscrita,baixa,0
4,59,arredondada,circunscrita,baixa,0
5,51,irregular,mal_definida,iso,1
4,36,arredondada,circunscrita,baixa,0
5,40,irregular,obscura,baixa,1
4,49,arredondada,circunscrita,baixa,0
4,37,oval,obscura,baixa,0
4,46,arredondada,circunscrita,baixa,0
4,63,arredondada,circunscrita,baixa,0
4,28,oval,circunscrita,baixa,0
4,47,oval,circunscrita,baixa,0
4,42,oval,circunscrita,baixa,1
5,44,irregular,especulada,baixa,1
4,49,irregular,mal_definida,baixa,0
5,47,irregular,especulada,baixa,1
5,52,irregular,especulada,baixa,1
4,53,arredondada,circunscrita,baixa,1
5,83,lobular,obscura,baixa,1
5,63,irregular,mal_definida,baixa,1
4,54,arredondada,circunscrita,baixa,0
4,50,irregular,mal_definida,baixa,0
5,80,irregular,especulada,baixa,1
5,45,oval,mal_definida,baixa,0
4,28,oval,circunscrita,baixa,0
4,31,arredondada,circunscrita,baixa,0
4,41,oval,circunscrita,baixa,0
4,21,lobular,circunscrita,baixa,0
5,44,lobular,mal_definida,baixa,1
5,49,irregular,mal_definida,baixa,1
5,71,irregular,especulada,baixa,1
5,75,irregular,especulada,baixa,1
4,38,oval,circunscrita,baixa,0
4,60,arredondada,obscura,baixa,0
5,87,irregular,especulada,baixa,1
4,70,irregular,mal_definida,baixa,1
5,55,irregular,especulada,baixa,1
3,21,arredondada,circunscrita,baixa,0
4,50,arredondada,circunscrita,baixa,0
5,76,irregular,especulada,baixa,1
4,23,arredondada,circunscrita,baixa,0
5,73,irregular,especulada,baixa,1
4,38,oval,obscura,baixa,0
2,57,arredondada,circunscrita,baixa,0
5,65,irregular,especulada,baixa,1
5,67,oval,mal_definida,baixa,1
5,61,oval,mal_definida,baixa,1
5,56,irregular,mal_definida,baixa,0
5,71,oval,mal_definida,baixa,1
4,49,oval,microlobulada,baixa,0
4,44,oval,circunscrita,baixa,0
0,58,irregular,mal_definida,baixa,0
4,27,oval,circunscrita,baixa,0
5,73,irregular,especulada,baixa,1
4,34,oval,circunscrita,baixa,0
4,50,oval,circunscrita,baixa,1
4,62,oval,circunscrita,baixa,0
3,21,lobular,circunscrita,baixa,0
4,36,lobular,circunscrita,baixa,0
4,45,oval,circunscrita,baixa,1
5,67,irregular,especulada,baixa,1
4,21,arredondada,circunscrita,baixa,0
4,57,oval,circunscrita,baixa,0
5,66,irregular,especulada,baixa,1
4,71,irregular,mal_definida,baixa,1
5,69,lobular,mal_definida,baixa,1
6,80,irregular,especulada,baixa,1
3,27,oval,circunscrita,baixa,0
4,38,oval,circunscrita,baixa,0
4,23,oval,circunscrita,baixa,0
4,46,irregular,obscura,baixa,0
4,61,oval,obscura,baixa,0
5,65,irregular,especulada,baixa,1
4,60,irregular,obscura,baixa,0
5,83,irregular,especulada,baixa,1
5,40,irregular,mal_definida,baixa,1
4,53,lobular,mal_definida,baixa,0
4,76,irregular,mal_definida,baixa,0
5,79,arredondada,mal_definida,baixa,1
5,38,oval,mal_definida,baixa,1
4,61,lobular,mal_definida,baixa,0
4,56,oval,circunscrita,baixa,0
4,44,oval,circunscrita,baixa,0
4,66,lobular,obscura,baixa,0
4,50,lobular,obscura,baixa,0
4,46,arredondada,circunscrita,baixa,0
4,39,arredondada,circunscrita,baixa,0
5,55,irregular,especulada,baixa,1
4,40,oval,circunscrita,baixa,0
4,26,arredondada,circunscrita,baixa,0
5,84,lobular,microlobulada,baixa,1
4,41,oval,microlobulada,baixa,0
4,63,arredondada,circunscrita,baixa,0
4,49,arredondada,circunscrita,baixa,0
4,56,oval,microlobulada,baixa,1
5,65,irregular,mal_definida,baixa,0
4,54,arredondada,circunscrita,baixa,0
4,36,arredondada,circunscrita,baixa,0
5,49,irregular,mal_definida,baixa,0
4,59,irregular,mal_definida,baixa,1
5,75,irregular,mal_definida,baixa,1
5,59,irregular,microlobulada,baixa,0
5,59,irregular,mal_definida,baixa,1
4,28,irregular,mal_definida,baixa,1
5,53,irregular,especulada,baixa,0
5,57,irregular,mal_definida,baixa,0
5,77,irregular,obscura,gordurosa,0
5,85,irregular,obscura,baixa,1
4,59,irregular,mal_definida,baixa,0
5,59,arredondada,especulada,baixa,1
4,65,lobular,obscura,baixa,1
4,54,oval,circunscrita,baixa,0
5,46,irregular,especulada,baixa,1
4,63,irregular,mal_definida,baixa,1
4,53,arredondada,circunscrita,baixa,1
4,56,arredondada,circunscrita,baixa,0
5,66,irregular,mal_definida,baixa,1
5,66,irregular,especulada,baixa,1
4,55,arredondada,circunscrita,baixa,0
4,44,arredondada,circunscrita,baixa,0
5,86,lobular,mal_definida,baixa,1
5,47,irregular,especulada,baixa,1
5,59,irregular,especulada,baixa,1
5,66,irregular,especulada,baixa,0
5,61,irregular,obscura,baixa,1
4,69,arredondada,circunscrita,baixa,0
5,93,arredondada,especulada,baixa,1
4,39,arredondada,obscura,baixa,0
5,44,irregular,especulada,baixa,1
4,45,oval,microlobulada,baixa,0
4,51,lobular,mal_definida,baixa,0
4,56,oval,mal_definida,baixa,0
4,66,irregular,mal_definida,baixa,0
5,61,irregular,especulada,baixa,1
4,64,lobular,obscura,baixa,1
5,57,oval,mal_definida,baixa,0
5,79,irregular,mal_definida,baixa,1
4,44,irregular,circunscrita,alta,0
4,31,oval,circunscrita,baixa,0
4,63,irregular,mal_definida,baixa,0
4,64,arredondada,circunscrita,baixa,0
5,47,irregular,especulada,baixa,0
5,68,irregular,especulada,baixa,1
4,30,arredondada,circunscrita,baixa,0
5,43,irregular,especulada,baixa,1
4,56,arredondada,circunscrita,baixa,0
4,46,oval,circunscrita,baixa,0
4,67,oval,circunscrita,baixa,0
5,52,irregular,especulada,baixa,1
4,67,irregular,mal_definida,baixa,1
4,47,oval,circunscrita,baixa,0
5,58,irregular,especulada,baixa,1
4,28,oval,circunscrita,baixa,0
4,43,arredondada,circunscrita,baixa,0
4,57,oval,mal_definida,baixa,0
5,68,irregular,especulada,baixa,1
4,64,oval,mal_definida,baixa,0
4,64,oval,mal_definida,baixa,0
5,62,irregular,mal_definida,baixa,1
4,38,irregular,circunscrita,baixa,0
5,68,irregular,mal_definida,baixa,1
4,41,oval,circunscrita,baixa,0
4,35,oval,circunscrita,baixa,1
4,68,oval,circunscrita,baixa,0
5,55,irregular,mal_definida,baixa,1
5,67,irregular,mal_definida,baixa,1
4,51,irregular,obscura,baixa,0
2,40,arredondada,circunscrita,baixa,0
5,73,irregular,mal_definida,baixa,1
5,59,irregular,obscura,baixa,1
6,60,lobular,especulada,baixa,1
5,54,irregular,obscura,baixa,0
4,56,arredondada,circunscrita,baixa,0
5,53,irregular,especulada,baixa,1
4,54,oval,mal_definida,baixa,0
5,79,arredondada,mal_definida,baixa,1
5,67,irregular,obscura,baixa,1
5,64,lobular,obscura,baixa,1
4,70,arredondada,microlobulada,baixa,1
5,55,irregular,obscura,baixa,1
5,65,lobular,obscura,baixa,1
5,45,irregular,microlobulada,baixa,1
5,49,arredondada,circunscrita,baixa,1
4,24,oval,circunscrita,baixa,0
4,52,arredondada,circunscrita,baixa,0
4,50,oval,circunscrita,baixa,0
4,35,arredondada,circunscrita,baixa,0
5,64,irregular,obscura,baixa,1
5,40,irregular,circunscrita,alta,1
5,66,irregular,mal_definida,baixa,1
4,64,irregular,mal_definida,baixa,1
5,52,irregular,obscura,baixa,1
5,43,arredondada,mal_definida,baixa,1
4,56,irregular,mal_definida,baixa,0
6,51,irregular,mal_definida,baixa,1
4,79,irregular,mal_definida,baixa,1
4,22,oval,circunscrita,baixa,0
4,73,oval,circunscrita,baixa,0
4,53,lobular,mal_definida,baixa,0
4,59,oval,circunscrita,baixa,1
4,46,irregular,mal_definida,iso,0
5,66,irregular,mal_definida,baixa,1
4,50,irregular,obscura,baixa,1
4,58,arredondada,circunscrita,baixa,1
4,55,arredondada,circunscrita,baixa,0
4,62,oval,mal_definida,baixa,1
4,60,arredondada,circunscrita,baixa,0
5,57,irregular,obscura,baixa,1
4,57,arredondada,circunscrita,baixa,0
6,41,oval,circunscrita,baixa,0
4,71,oval,circunscrita,baixa,1
4,32,oval,circunscrita,baixa,0
4,57,oval,circunscrita,baixa,0
4,19,arredondada,circunscrita,baixa,0
4,62,oval,mal_definida,baixa,1
5,67,irregular,especulada,baixa,1
4,50,irregular,especulada,baixa,0
4,65,oval,obscura,iso,0
4,40,oval,mal_definida,iso,0
6,71,irregular,mal_definida,baixa,1
6,68,irregular,obscura,baixa,1
4,68,arredondada,circunscrita,baixa,0
4,29,arredondada,circunscrita,baixa,0
4,53,oval,circunscrita,baixa,0
5,66,irregular,mal_definida,baixa,1
5,76,irregular,mal_definida,baixa,1
4,58,oval,circunscrita,iso,0
5,96,lobular,mal_definida,baixa,1
5,70,irregular,mal_definida,baixa,1
4,34,oval,circunscrita,baixa,0
4,59,oval,circunscrita,baixa,0
4,45,lobular,circunscrita,baixa,1
5,65,irregular,mal_definida,baixa,1
4,59,arredondada,circunscrita,baixa,0
4,21,oval,circunscrita,baixa,0
3,43,oval,circunscrita,baixa,0
4,53,arredondada,circunscrita,baixa,0
4,65,oval,circunscrita,baixa,0
4,64,oval,mal_definida,baixa,1
4,53,irregular,mal_definida,baixa,0
4,51,arredondada,circunscrita,baixa,0
4,59,oval,mal_definida,baixa,0
4,56,oval,circunscrita,baixa,0
4,60,oval,circunscrita,baixa,0
4,22,arredondada,circunscrita,baixa,0
4,25,oval,circunscrita,baixa,0
5,69,irregular,mal_definida,baixa,1
4,58,oval,circunscrita,baixa,0
5,62,irregular,obscura,baixa,1
4,56,irregular,mal_definida,baixa,0
4,64,arredondada,circunscrita,baixa,0
4,32,oval,circunscrita,baixa,0
5,59,irregular,mal_definida,iso,1
4,52,arredondada,circunscrita,baixa,0
4,63,irregular,mal_definida,baixa,0
5,67,irregular,mal_definida,baixa,1
5,61,irregular,mal_definida,baixa,1
5,59,irregular,especulada,baixa,1
5,52,irregular,obscura,baixa,1
4,35,irregular,mal_definida,baixa,0
5,77,lobular,obscura,baixa,1
5,71,irregular,obscura,baixa,1
5,63,irregular,obscura,baixa,1
4,38,oval,circunscrita,iso,0
5,72,irregular,obscura,baixa,1
4,76,irregular,obscura,baixa,1
4,53,lobular,obscura,baixa,0
4,67,irregular,especulada,baixa,0
5,69,oval,mal_definida,baixa,1
4,54,arredondada,circunscrita,baixa,0
2,35,oval,circunscrita,iso,0
5,68,irregular,obscura,baixa,1
4,68,irregular,mal_definida,baixa,0
4,67,oval,mal_definida,baixa,1
3,39,arredondada,circunscrita,baixa,0
4,44,oval,circunscrita,baixa,0
4,33,arredondada,circunscrita,baixa,0
4,58,arredondada,circunscrita,baixa,0
4,31,arredondada,circunscrita,baixa,0
3,23,arredondada,circunscrita,baixa,0
5,56,irregular,especulada,baixa,1
4,69,oval,circunscrita,baixa,1
6,63,arredondada,circunscrita,baixa,0
4,65,arredondada,circunscrita,baixa,1
4,44,oval,circunscrita,iso,0
4,62,lobular,obscura,baixa,1
4,67,irregular,mal_definida,baixa,1
4,56,oval,circunscrita,baixa,0
4,52,lobular,mal_definida,baixa,0
4,43,arredondada,circunscrita,baixa,1
4,41,irregular,obscura,iso,1
4,42,lobular,mal_definida,iso,0
3,46,arredondada,circunscrita,baixa,0
5,55,irregular,mal_definida,baixa,1
5,58,irregular,mal_definida,iso,1
5,87,irregular,mal_definida,baixa,1
4,66,oval,circunscrita,baixa,0
0,72,irregular,obscura,baixa,1
5,60,irregular,obscura,baixa,1
5,83,irregular,mal_definida,iso,1
4,31,oval,circunscrita,baixa,0
4,53,oval,circunscrita,baixa,0
4,64,oval,obscura,baixa,0
5,31,irregular,mal_definida,iso,1
5,62,irregular,mal_definida,iso,1
4,56,oval,circunscrita,baixa,0
5,58,irregular,mal_definida,baixa,1
4,67,arredondada,mal_definida,baixa,0
5,75,irregular,especulada,baixa,1
5,65,lobular,mal_definida,baixa,1
5,74,lobular,microlobulada,baixa,1
4,59,oval,circunscrita,baixa,0
4,57,irregular,mal_definida,gordurosa,1
4,76,lobular,microlobulada,baixa,0
4,63,arredondada,mal_definida,baixa,0
4,44,arredondada,circunscrita,baixa,0
4,42,lobular,circunscrita,iso,0
5,65,irregular,obscura,baixa,1
4,70,oval,circunscrita,baixa,0
4,48,arredondada,circunscrita,baixa,0
4,74,arredondada,circunscrita,alta,1
4,63,arredondada,circunscrita,baixa,0
5,60,irregular,mal_definida,baixa,1
5,86,irregular,obscura,baixa,1
4,27,arredondada,circunscrita,baixa,0
4,71,irregular,especulada,iso,1
5,85,irregular,mal_definida,baixa,1
4,51,lobular,obscura,baixa,0
6,72,irregular,obscura,baixa,1
5,52,irregular,mal_definida,baixa,1
4,66,oval,circunscrita,baixa,0
5,71,irregular,especulada,baixa,1
4,42,oval,circunscrita,baixa,0
4,64,irregular,mal_definida,iso,1
4,41,oval,microlobulada,baixa,0
4,50,oval,circunscrita,baixa,0
4,30,arredondada,circunscrita,baixa,0
4,67,arredondada,circunscrita,baixa,0
5,62,irregular,mal_definida,baixa,1
4,46,oval,circunscrita,iso,0
4,35,arredondada,circunscrita,baixa,0
4,53,arredondada,circunscrita,iso,0
4,59,oval,circunscrita,baixa,0
4,19,lobular,circunscrita,baixa,0
5,86,oval,circunscrita,baixa,1
4,72,oval,circunscrita,baixa,0
4,37,oval,circunscrita,iso,0
4,46,lobular,circunscrita,baixa,1
4,45,arredondada,circunscrita,baixa,0
4,48,irregular,especulada,baixa,0
4,58,irregular,mal_definida,baixa,1
4,42,arredondada,circunscrita,baixa,0
4,56,oval,mal_definida,baixa,1
4,47,oval,circunscrita,baixa,0
4,49,irregular,mal_definida,baixa,1
5,76,oval,especulada,baixa,1
5,62,irregular,especulada,baixa,1
5,64,irregular,mal_definida,baixa,1
5,53,irregular,obscura,baixa,1
4,70,irregular,microlobulada,iso,1
5,55,irregular,mal_definida,baixa,1
4,34,irregular,mal_definida,baixa,0
5,76,irregular,mal_definida,baixa,1
4,39,arredondada,circunscrita,baixa,0
2,23,arredondada,circunscrita,baixa,0
4,19,arredondada,circunscrita,baixa,0
5,65,irregular,especulada,baixa,1
4,57,oval,circunscrita,baixa,0
5,41,irregular,mal_definida,baixa,1
4,36,irregular,especulada,baixa,1
4,62,lobular,obscura,baixa,0
4,69,oval,circunscrita,baixa,0
4,41,lobular,circunscrita,baixa,0
3,51,oval,mal_definida,baixa,0
5,50,lobular,microlobulada,baixa,1
4,47,irregular,mal_definida,baixa,0
4,54,irregular,especulada,baixa,1
5,52,irregular,mal_definida,baixa,1
4,30,arredondada,circunscrita,baixa,0
3,48,irregular,mal_definida,baixa,1
4,65,oval,mal_definida,baixa,1
4,50,arredondada,circunscrita,baixa,0
5,65,irregular,especulada,baixa,1
5,66,irregular,obscura,baixa,1
6,41,lobular,obscura,iso,1
5,72,lobular,microlobulada,baixa,1
4,42,arredondada,circunscrita,alta,1
4,80,irregular,mal_definida,baixa,1
0,45,oval,mal_definida,baixa,0
4,41,arredondada,circunscrita,baixa,0
4,72,lobular,obscura,baixa,1
4,60,irregular,especulada,baixa,0
5,67,irregular,obscura,baixa,1
4,55,oval,circunscrita,baixa,0
4,61,lobular,mal_definida,baixa,1
4,55,lobular,mal_definida,baixa,1
4,52,irregular,mal_definida,baixa,1
4,42,arredondada,circunscrita,baixa,0
5,63,irregular,mal_definida,baixa,1
4,62,irregular,especulada,baixa,1
4,46,arredondada,circunscrita,baixa,0
4,65,oval,circunscrita,baixa,0
4,57,lobular,obscura,baixa,1
4,66,irregular,especulada,baixa,1
4,45,arredondada,circunscrita,baixa,0
4,77,irregular,especulada,baixa,1
4,35,arredondada,circunscrita,baixa,0
4,50,irregular,especulada,baixa,1
4,57,irregular,mal_definida,baixa,0
4,74,lobular,circunscrita,baixa,1
4,59,irregular,especulada,baixa,0
4,51,arredondada,circunscrita,baixa,0
4,42,lobular,mal_definida,baixa,1
4,35,oval,mal_definida,baixa,0
4,42,arredondada,circunscrita,baixa,0
4,43,oval,circunscrita,baixa,0
4,62,irregular,mal_definida,baixa,1
4,27,oval,circunscrita,baixa,0
4,57,irregular,mal_definida,baixa,1
4,59,oval,circunscrita,baixa,0
5,40,lobular,microlobulada,baixa,1
4,20,arredondada,circunscrita,baixa,0
5,74,irregular,obscura,baixa,1
4,22,arredondada,circunscrita,baixa,0
4,57,irregular,obscura,baixa,0
4,57,irregular,obscura,baixa,1
4,55,oval,circunscrita,iso,0
4,62,oval,circunscrita,baixa,0
4,54,arredondada,circunscrita,baixa,0
4,71,arredondada,circunscrita,baixa,1
4,65,lobular,obscura,baixa,0
4,68,irregular,mal_definida,baixa,0
4,64,arredondada,circunscrita,baixa,0
4,54,oval,mal_definida,baixa,0
4,48,irregular,mal_definida,baixa,1
4,58,irregular,obscura,baixa,0
5,58,lobular,mal_definida,baixa,1
4,70,arredondada,circunscrita,alta,0
5,70,arredondada,mal_definida,baixa,1
4,59,oval,circunscrita,baixa,0
4,57,oval,mal_definida,baixa,0
4,53,irregular,especulada,baixa,0
4,54,irregular,mal_definida,baixa,1
4,53,oval,circunscrita,baixa,0
0,71,irregular,mal_definida,baixa,1
5,67,irregular,especulada,baixa,1
4,68,irregular,mal_definida,baixa,1
4,56,oval,mal_definida,baixa,0
4,35,oval,circunscrita,baixa,0
4,52,irregular,mal_definida,baixa,1
4,47,oval,circunscrita,baixa,0
4,56,irregular,especulada,baixa,1
4,64,irregular,especulada,baixa,0
5,66,irregular,especulada,baixa,1
4,62,lobular,obscura,baixa,0
